dataset,distance,tps_mode,stretch,first_tier,second_tier
biab_jams,tpsd,offset,,0.46861471861471865,0.553896103896104
biab_jams,tpsd,profile,,0.6082251082251082,0.6935064935064935
biab_jams,dtw,offset,stretch,0.282034632034632,0.3296536796536797
biab_jams,dtw,profile,stretch,0.3495670995670995,0.3991341991341991
biab_jams,dtw,offset,no-stretch,0.4075757575757576,0.48852813852813853
biab_jams,dtw,profile,no-stretch,0.4242424242424242,0.503030303030303
